{"cameraMode":{"drawMode":0,"name":"Shaded","section":"Shading Mode"},"sceneLighting":false,"audioPlay":false,"sceneViewState":{"showFog":true,"showMaterialUpdate":false,"showSkybox":true,"showFlares":true,"showImageEffects":true,"showParticleSystems":true},"in2DMode":false,"pivot":{"x":17.41402816772461,"y":1.1379022598266602,"z":8.432587623596192},"rotation":{"x":-0.11650338768959046,"y":-0.31198689341545107,"z":0.03858337923884392,"w":-0.9421266317367554},"size":29.398386001586915,"orthographic":false}