{"cameraMode":{"drawMode":0,"name":"Shaded","section":"Shading Mode"},"sceneLighting":false,"audioPlay":false,"sceneViewState":{"showFog":true,"showMaterialUpdate":false,"showSkybox":true,"showFlares":true,"showImageEffects":true,"showParticleSystems":true},"in2DMode":false,"pivot":{"x":-9.00450611114502,"y":3.936251640319824,"z":8.07075309753418},"rotation":{"x":0.09892468899488449,"y":-0.5311873555183411,"z":0.06261701136827469,"w":0.8391263484954834},"size":24.615751266479493,"orthographic":false}