{"cameraMode":{"drawMode":0,"name":"Shaded","section":"Shading Mode"},"sceneLighting":false,"audioPlay":false,"sceneViewState":{"showFog":true,"showMaterialUpdate":false,"showSkybox":true,"showFlares":true,"showImageEffects":true,"showParticleSystems":true},"in2DMode":false,"pivot":{"x":-0.34537601470947268,"y":2.736395835876465,"z":6.083730697631836},"rotation":{"x":0.08203247934579849,"y":-0.2270202785730362,"z":0.01918969303369522,"w":0.9702392816543579},"size":24.615751266479493,"orthographic":false}