{"cameraMode":{"drawMode":0,"name":"Shaded","section":"Shading Mode"},"sceneLighting":false,"audioPlay":false,"sceneViewState":{"showFog":true,"showMaterialUpdate":false,"showSkybox":true,"showFlares":true,"showImageEffects":true,"showParticleSystems":true},"in2DMode":false,"pivot":{"x":2.0785398483276369,"y":1.8000634908676148,"z":-4.779965877532959},"rotation":{"x":-0.2763446569442749,"y":0.07287678867578507,"z":-0.021018939092755319,"w":-0.9580609798431397},"size":3.0340375900268556,"orthographic":false}