{"cameraMode":{"drawMode":0,"name":"Shaded","section":"Shading Mode"},"sceneLighting":false,"audioPlay":false,"sceneViewState":{"showFog":true,"showMaterialUpdate":false,"showSkybox":true,"showFlares":true,"showImageEffects":true,"showParticleSystems":true},"in2DMode":false,"pivot":{"x":-7.720000267028809,"y":0.7289999723434448,"z":-3.8389999866485597},"rotation":{"x":0.16014210879802705,"y":-0.0196070596575737,"z":0.0031739091500639917,"w":0.9868941307067871},"size":3.0340378284454347,"orthographic":false}